[
  {
    "q": "מהו ים המלח?",
    "a": "ים סגור, המלוח ביותר בכדור הארץ, מוקף בישראל וירדן; מקור המים מיובש לאורך מיליוני שנים."
  },
  {
    "q": "What is the Dead Sea?",
    "a": "A hypersaline lake between Israel and Jordan, one of the saltiest bodies of water on Earth."
  },
  {
    "q": "ما هو بحر الميت؟",
    "a": "بحيرة فائقة الملوحة بين إسرائيل والأردن، من أكثر المسطحات ملوحة في العالم."
  },
  {
    "q": "איך נוצרו מפולות סלעים?",
    "a": "מפולות נוצרות משילוב של שיפוע תלול, בליה במים, ותזוזות קרקע/רעידות אדמה."
  },
  {
    "q": "How are landslides formed?",
    "a": "Landslides occur when weak or saturated material on a slope loses strength and moves downhill, often triggered by rain or earthquakes."
  }
]